Id,FirstName,LastName,Phone,Email,Date
1,Tressie,Schultz,1-761-528-0992 x38099,Violet87@hotmail.com,5/12/2011 8:50:58 AM
2,Austyn,Cronin,588-916-0710 x514,Madeline_Rice@yahoo.com,11/25/2008 3:45:51 AM
3,Emilia,Brakus,312.590.2587 x7839,Vera.Okuneva@gmail.com,11/13/1993 7:28:59 AM
4,Lawson,Christiansen,641.535.1581 x3445,Fredrick12@yahoo.com,2/19/1981 10:39:16 AM
5,Russell,Metz,346.305.9284,Ella_Rath36@yahoo.com,2/14/2012 12:46:58 AM
6,Shane,Stiedemann,(612) 299-4353 x95729,Scott_Gislason@yahoo.com,4/7/2000 8:27:15 AM
7,Terry,Shanahan,1-844-962-0224 x924,Grant_Morar@yahoo.com,11/25/1988 3:30:55 PM
8,Salvatore,Donnelly,205.236.6636 x90044,Nick_Tremblay67@hotmail.com,6/10/1992 2:06:57 AM
9,Michael,Kertzmann,257.929.9357,Adam_Schultz@yahoo.com,1/15/1990 5:44:15 AM
10,Garland,Johnston,1-366-217-6436 x3196,Lorenzo.Crooks@hotmail.com,10/22/1997 11:52:08 AM
11,Aleen,Ratke,511.405.0545 x78255,Freddie_Friesen1@gmail.com,1/23/1988 6:07:20 AM
12,Frieda,Considine,373-219-4971 x434,Jackie_Runolfsdottir@hotmail.com,9/5/1996 8:56:29 AM
13,Kallie,Conroy,(561) 852-6478 x56628,Elijah.Frami80@hotmail.com,9/25/2017 11:58:47 PM
14,Leanne,Metz,777.298.1605 x7398,Darrin_Homenick@hotmail.com,2/20/1997 11:27:12 PM
15,Seth,Dibbert,(296) 901-9207,Susie99@gmail.com,4/30/2009 7:24:36 AM
16,Jovanny,Farrell,554-986-5882 x6290,Ruby.Carter@gmail.com,2/7/1995 10:06:54 PM
17,Melisa,Langosh,336-873-8632,Christian.Johnson3@yahoo.com,8/18/1988 5:07:41 AM
18,Ben,Jakubowski,(753) 772-4906,Stacy90@yahoo.com,4/15/2022 9:57:22 PM
19,Edna,Gibson,1-258-555-1600 x51641,Mabel6@hotmail.com,2/8/2000 11:36:27 PM
20,Thomas,Rogahn,1-597-585-7739 x02326,Rosie.DAmore@hotmail.com,2/28/2002 11:57:12 PM
21,Elyssa,Auer,920-290-3443 x800,Jasmine63@gmail.com,1/26/1995 6:09:41 AM
22,Bernie,Borer,(990) 942-1834,Maurice46@hotmail.com,6/22/2020 7:29:26 PM
23,Elnora,Hoeger,952-208-4929,Ashley_Hudson94@hotmail.com,6/14/1984 1:21:06 PM
24,Robert,Mann,799-843-1894 x299,Shawn.Parker20@yahoo.com,10/31/1990 5:24:47 PM
25,Faye,O'Hara,324-775-4172,Tracey47@yahoo.com,2/10/1990 7:39:58 PM
26,Breanna,Crooks,638.279.1973 x812,Erin.Howell@gmail.com,12/17/2012 10:15:57 PM
27,Shirley,Lynch,1-927-751-1909 x088,Terry.King83@hotmail.com,2/25/1998 2:45:55 AM
28,Zelda,Wolff,1-790-900-7659 x1664,Ruby_Feest84@hotmail.com,2/1/2002 6:22:46 PM
29,Annabell,Hoeger,809-431-7848 x991,Marilyn_Koch26@hotmail.com,10/5/2019 8:56:39 AM
30,Concepcion,Deckow,1-604-816-0722 x52145,Carlton15@gmail.com,7/11/2020 7:17:36 PM
31,Bruce,Sipes,239.866.4204 x2126,Charlotte91@yahoo.com,9/7/1995 6:39:29 AM
32,Eric,Wiegand,1-206-909-3853,Caroline_Gleichner@yahoo.com,11/7/1987 3:44:39 PM
33,Jalen,Tremblay,797-435-3463 x2344,Irving_Green@gmail.com,5/19/2003 5:23:38 AM
34,Alysha,Lockman,490-570-2513,Joey4@yahoo.com,2/12/2020 12:47:58 PM
35,Mina,Friesen,(752) 932-0759,Gerardo.Lueilwitz@yahoo.com,9/8/1981 8:42:46 AM
36,Mandy,Graham,285-725-3309,Jeremy48@yahoo.com,3/3/1995 2:08:34 AM
37,River,Rowe,410-963-7547,Antoinette.Schuster17@hotmail.com,3/22/1995 9:09:36 PM
38,Candelario,Altenwerth,318-716-3530 x68957,Travis_Toy@hotmail.com,4/3/1981 4:14:14 AM
39,Louie,Halvorson,1-689-996-2973 x42564,Tami_Stamm67@hotmail.com,10/11/1994 1:57:47 AM
40,Oleta,Romaguera,559-234-5570,Adrienne_Ernser57@yahoo.com,12/19/1999 8:29:58 PM
41,Morris,Mueller,333.740.0142,Lynn41@yahoo.com,4/27/2022 8:48:51 PM
42,Madonna,Nader,1-352-717-2791,Bruce83@hotmail.com,4/9/1988 4:04:12 PM
43,Hal,Ruecker,1-957-270-0407,Pam79@hotmail.com,1/31/1993 9:39:24 AM
44,Lysanne,Gleichner,(397) 674-8494,Beverly16@hotmail.com,4/15/2009 3:04:51 PM
45,Collin,Bahringer,1-657-349-8150,Rickey_Deckow@yahoo.com,9/23/1995 9:16:26 PM
46,Crawford,Wintheiser,1-487-857-7631 x02159,Pat.Terry53@yahoo.com,9/11/2016 1:23:47 PM
47,Rahsaan,Hermann,662.448.4488,Taylor_Kuvalis@yahoo.com,5/14/2019 7:52:53 PM
48,Tara,West,(835) 743-7686 x2958,Emmett_Green@hotmail.com,10/29/1989 4:27:40 AM
49,Anastasia,Walter,(460) 623-7027 x6379,Taylor42@gmail.com,1/30/1997 2:19:08 PM
50,Carlee,O'Reilly,378-359-7474 x413,Nathan_Walter@hotmail.com,6/17/2022 2:53:43 AM
51,Federico,Kohler,452.384.7310 x54950,Georgia_Green@yahoo.com,5/2/2008 9:18:45 AM
52,Jayde,Schoen,(416) 465-8411 x39281,Janie80@yahoo.com,1/22/2000 7:47:36 PM
53,Jeanette,Goldner,766.980.8016,Elvira_Rogahn@gmail.com,5/10/2019 7:28:52 AM
54,Earnest,Dicki,(419) 531-8351 x5646,Evelyn_Emmerich@hotmail.com,4/18/2013 9:59:06 PM
55,Priscilla,Pouros,1-844-582-1621 x06664,Jordan.Friesen0@hotmail.com,3/6/1983 8:49:59 AM
56,Rowena,Renner,(718) 667-4180,Vernon_Kub29@gmail.com,6/19/2001 5:26:30 PM
57,Bobby,Spinka,(426) 562-1310 x2967,Lana.Cartwright66@hotmail.com,9/23/1994 8:02:55 AM
58,Alanna,Runolfsson,201.354.1748 x88472,Tanya_Miller@gmail.com,9/19/1980 9:36:51 AM
59,Neoma,Armstrong,982.290.0408,Adrian.Green@gmail.com,8/1/2022 5:57:39 AM
60,Daryl,Armstrong,629.377.8970 x6241,Cora.Ebert@hotmail.com,11/4/2022 12:29:10 PM
61,Florencio,Mohr,803-997-6103,Loretta.Sipes@yahoo.com,2/27/1993 11:55:15 PM
62,Sandrine,Wunsch,1-374-239-2278 x5273,Jennifer86@gmail.com,2/7/1982 12:48:01 PM
63,Helen,Schamberger,1-687-628-4055 x965,Phil35@yahoo.com,3/13/2013 2:53:39 AM
64,Micheal,Veum,686-884-0661 x0761,Marc48@yahoo.com,12/14/2000 5:55:06 PM
65,Antonetta,Davis,757-765-6338,Maxine_Hills@yahoo.com,12/3/2018 6:15:17 PM
66,Danial,Ledner,528.854.6607,Juan71@yahoo.com,10/6/2001 2:57:41 AM
67,Natalie,Conroy,(268) 211-5173,Ira.Hermiston@yahoo.com,1/6/2011 7:13:51 PM
68,Raymond,MacGyver,(220) 948-0004 x2433,Marvin_Crist43@gmail.com,11/24/2014 5:33:43 AM
69,Sofia,Gleason,1-644-826-8090,Sean.Dibbert73@gmail.com,10/3/1996 10:40:39 AM
70,Sven,Hermiston,743.950.0452 x4403,Annette_Hamill5@yahoo.com,3/30/2016 3:26:23 AM
71,Waldo,Kassulke,369.775.1366,Wilma.Romaguera14@gmail.com,11/15/2002 12:47:25 PM
72,Jonatan,Dach,(867) 538-4778,Celia.Gusikowski@yahoo.com,8/24/2008 4:17:46 AM
73,Bradford,Abernathy,(779) 314-1202,Mae8@yahoo.com,9/23/1991 6:45:05 AM
74,Vivien,Witting,462.989.7243,Peter.Kemmer62@yahoo.com,5/7/2010 7:31:22 PM
75,Gabriel,Halvorson,577.849.0746,Taylor3@gmail.com,7/2/2018 1:08:01 AM
76,Jody,Bashirian,(314) 303-7936 x0909,Paula35@gmail.com,4/11/2014 10:01:16 AM
77,Mauricio,Wehner,717.846.5815 x826,Santos.Harvey34@hotmail.com,7/15/1984 3:52:46 AM
78,Wyatt,Kautzer,1-849-260-2504 x3419,Freda.Prohaska72@gmail.com,11/30/2005 1:56:18 AM
79,Kristopher,Heathcote,(779) 444-1602,Shane42@gmail.com,5/3/1994 7:15:29 AM
80,Osborne,Hauck,435.279.9347 x61649,Rene_Stanton@yahoo.com,10/1/1980 4:30:58 AM
81,Tobin,Mosciski,735.800.8356 x784,Otis85@hotmail.com,2/1/1984 2:13:11 PM
82,Reyes,Carter,870-752-5942 x49311,Brittany85@hotmail.com,2/19/1993 4:53:27 PM
83,Milton,Kertzmann,913-202-7961,Manuel_Schmitt@yahoo.com,7/25/2000 1:49:30 PM
84,Marguerite,Haley,1-805-904-5201 x98025,Melba17@yahoo.com,11/1/1994 6:19:01 AM
85,Roman,Corkery,891-296-4170,Ryan_Heller@yahoo.com,6/10/2015 9:49:34 AM
86,Alanis,Ziemann,784-991-5079 x83694,Byron_Harvey48@hotmail.com,12/19/1985 3:51:42 AM
87,Kaylie,Medhurst,(996) 571-8383,Pat_Reynolds30@hotmail.com,3/30/2018 5:18:20 AM
88,Lavinia,Lind,1-211-663-0192 x9331,Maxine.Wolf@yahoo.com,3/24/2005 8:11:07 AM
89,Eleanora,Kris,205-965-9446 x3399,Cheryl.Kutch22@gmail.com,11/6/2022 4:54:02 PM
90,Clay,Murphy,951-643-5245 x10420,Brooke.West@hotmail.com,8/9/2002 8:14:57 PM
91,Henderson,Rodriguez,(483) 945-5821,Tim53@yahoo.com,3/22/2022 7:29:14 PM
92,Mara,Thompson,1-956-869-4392,Milton12@hotmail.com,12/5/1982 2:28:22 AM
93,Loma,Kihn,320.629.1538 x0814,Alan.Lebsack37@yahoo.com,1/13/1992 12:51:52 AM
94,Caitlyn,Gleichner,1-243-273-6126 x123,Maryann_Schowalter@gmail.com,9/16/2022 5:15:34 PM
95,Tabitha,Keebler,404-654-4668 x427,Rosalie.Stark73@hotmail.com,4/23/1984 7:15:58 PM
96,Jessika,Casper,(670) 846-6493 x29953,Heather.Erdman@yahoo.com,7/4/2021 5:21:59 PM
97,Clara,Labadie,898.684.7638 x38539,Andre.Farrell@gmail.com,8/5/1999 11:57:41 AM
98,Mittie,Johnston,(635) 384-5922 x31977,Noah.Sawayn33@hotmail.com,5/24/1987 8:07:23 PM
99,Chaz,Kunze,579-581-2938,Ira.Hickle@hotmail.com,4/29/1989 11:15:30 AM
100,Graham,O'Conner,(974) 630-5312 x2350,Holly_Schulist2@gmail.com,6/24/2021 3:23:27 PM
101,Myrna,Lebsack,827-835-8158 x0698,Kristopher27@yahoo.com,3/17/2014 4:03:35 AM
102,Clyde,Toy,(561) 388-5106 x1634,Pam_Borer17@yahoo.com,11/30/2013 6:59:40 PM
103,Aimee,Buckridge,(277) 549-3793 x491,Sheryl17@yahoo.com,1/28/1996 1:02:23 AM
104,Kyler,Langosh,1-382-853-6064 x65720,Elsie_Swift@hotmail.com,9/6/2016 6:58:04 AM
105,Yvette,Hagenes,932-452-4646,Johnny44@gmail.com,5/21/1991 10:37:18 AM
106,Gregg,Christiansen,993-468-1116,Patricia_Schmeler@yahoo.com,1/25/1990 9:38:32 PM
107,Roselyn,Nolan,(555) 576-5431,Valerie_Haag@hotmail.com,7/16/2010 4:33:16 AM
108,Efrain,Zieme,827.915.1487 x2910,Conrad.Ryan@hotmail.com,1/20/1980 7:58:30 AM
109,Jabari,Conroy,641-846-1895 x367,Saul.Conroy@yahoo.com,2/8/1980 7:11:23 AM
110,Roxane,Yundt,276.782.3929,Adrian_Cremin8@hotmail.com,11/28/2010 4:57:17 PM
111,Stan,Schaden,372-727-6644 x4356,Courtney16@yahoo.com,5/30/2014 9:09:28 AM
112,Myrtice,Reynolds,396.434.5458 x038,Michelle_Kub71@hotmail.com,4/23/2015 7:08:15 AM
113,Francesca,Kerluke,(445) 476-6080 x56287,Stella_Hane@yahoo.com,2/26/2019 1:05:42 PM
114,Sanford,Botsford,1-323-712-0472 x871,Robin.Goyette30@yahoo.com,8/5/1983 12:13:48 PM
115,Jannie,Lemke,(504) 332-6501,Julie_Osinski@yahoo.com,10/22/2001 9:59:43 PM
116,Nina,Feeney,1-661-535-8079 x57827,Valerie.Tremblay17@hotmail.com,10/15/1998 3:12:42 PM
117,Griffin,Schamberger,432.435.8402 x285,Brad.Herman37@hotmail.com,5/21/1994 9:58:54 AM
118,Josiah,Swift,260-531-7113,Richard_Funk72@hotmail.com,11/16/2015 4:12:22 PM
119,Alvis,Cartwright,(843) 468-7950 x574,Johnny59@gmail.com,9/7/1990 9:34:54 AM
120,Juston,Franecki,(854) 467-3645,Vicky_Wisozk23@yahoo.com,1/10/2006 12:20:29 AM
121,Earnest,Kuvalis,727-993-7794 x79857,Courtney.Kuhic@hotmail.com,2/20/2011 7:12:41 AM
122,Theodora,Kovacek,(650) 469-5659,Cassandra_Huel@gmail.com,7/21/1984 9:34:37 PM
123,Ressie,Doyle,(565) 868-7484,Angelina42@hotmail.com,10/10/1992 8:41:12 PM
124,Elwyn,Kovacek,1-986-502-4354,Salvador53@yahoo.com,4/4/1995 3:22:14 AM
125,Concepcion,Smitham,(288) 367-4214 x81835,Emanuel73@yahoo.com,12/2/1990 1:36:58 PM
126,Polly,Hills,(882) 437-2027,Gabriel.OConner@hotmail.com,6/14/2002 4:22:15 AM
127,Rolando,Breitenberg,573.641.2386 x823,Melba_Daniel22@yahoo.com,8/30/1987 4:32:12 AM
128,Molly,Olson,622-736-7435 x069,Shirley_Bode@yahoo.com,2/24/2013 4:37:08 PM
129,Rosalia,Hessel,(539) 555-3597 x142,Mindy_Jast@gmail.com,3/8/2007 5:39:22 AM
130,Waino,Heller,(510) 448-8363 x26607,Violet_Blick53@gmail.com,12/8/1987 8:55:37 AM
131,Cassidy,Beahan,796.940.9773,Mary18@gmail.com,8/26/2002 4:20:53 PM
132,Turner,Gislason,1-832-862-3614 x9598,Harry_Anderson9@yahoo.com,10/8/2017 6:32:07 AM
133,Opal,Kuvalis,(518) 842-7994,Carol.Veum10@yahoo.com,11/8/1985 5:07:09 PM
134,Laisha,Corkery,(768) 292-4266,Rosa_Mueller57@yahoo.com,4/27/1993 6:13:47 AM
135,Matteo,Prohaska,1-472-595-4873,Charlene37@hotmail.com,1/27/2006 8:41:59 PM
136,Cory,Kemmer,(323) 451-9223 x21000,Sally.Pouros38@hotmail.com,10/19/2016 7:14:46 PM
137,Francisco,Macejkovic,504.632.5355,Edward_Ullrich49@gmail.com,1/25/1995 1:04:16 AM
138,Shyann,Stokes,937.533.4862,Winifred_Crooks@yahoo.com,2/7/1989 10:08:59 AM
139,Gonzalo,Reynolds,297-742-9168 x37877,Rita67@yahoo.com,5/24/1985 10:12:33 PM
140,Mercedes,Ritchie,343-545-1687,Orlando4@gmail.com,6/13/1996 5:40:09 PM
141,Charity,O'Conner,(500) 746-1801 x18733,Yvonne87@yahoo.com,10/28/2018 11:12:14 PM
142,Elvis,Lindgren,1-227-797-1327 x921,Kim93@gmail.com,1/9/1987 2:42:06 PM
143,Amos,Koepp,(377) 617-6965 x76248,Daisy22@gmail.com,3/19/1992 1:07:37 PM
144,Dale,Auer,257-370-9997,Donnie33@gmail.com,4/20/1991 5:38:12 PM
145,Henry,Ullrich,1-750-716-2780,Wendy.DuBuque@hotmail.com,12/22/1988 8:34:07 AM
146,Garret,Weissnat,(888) 643-7054 x612,Miranda97@gmail.com,11/25/1991 2:44:57 AM
147,Lela,Deckow,1-833-851-1752 x89503,Tricia9@yahoo.com,10/18/1984 6:19:37 PM
148,Darren,Walsh,(441) 894-8248 x4738,Julius.Beier84@gmail.com,9/15/1987 4:09:19 PM
149,Lenny,Schmitt,(728) 220-5343 x264,Marguerite.Kuhlman97@hotmail.com,3/25/1988 9:37:00 AM
150,Zora,Oberbrunner,1-256-891-4860,Alyssa72@yahoo.com,5/9/2006 7:42:58 AM
151,Julian,Rowe,318.971.3532,Connie.Yundt@gmail.com,2/11/1993 11:45:43 AM
152,Berenice,Bernier,961.986.6298,Jared90@gmail.com,9/23/2022 9:00:27 PM
153,Giovanna,Murazik,287.463.7217 x9804,Marie.Langworth25@gmail.com,1/4/2005 10:29:09 AM
154,Raina,Stokes,624-738-1460 x073,Trevor.Ortiz@yahoo.com,4/10/1980 8:11:49 PM
155,Julianne,Durgan,(550) 505-5838,Marc54@yahoo.com,6/3/2020 4:35:08 PM
156,Crystel,Gleason,406.866.1990 x870,Carrie76@yahoo.com,11/16/1982 8:45:57 AM
157,Kassandra,Waters,(643) 932-2240 x692,Chester29@gmail.com,5/8/2003 9:48:36 PM
158,Brooke,Brakus,1-341-268-2881 x19530,Marcos.Connelly@yahoo.com,9/2/2005 2:31:38 AM
159,Rhiannon,Feest,(941) 826-8641 x8219,Donna_Christiansen@gmail.com,5/23/2016 1:37:48 AM
160,Erica,Bins,373.236.1886,Ervin_Schneider4@hotmail.com,11/1/1983 2:27:37 PM
161,Kyla,Kemmer,1-617-977-4281 x28328,Lillie_Moen61@hotmail.com,6/7/1992 3:06:13 AM
162,Ollie,Bechtelar,(443) 237-7089,Darnell_McClure80@gmail.com,1/8/1995 6:44:47 AM
163,Merl,Corwin,942-802-5903 x2695,Randolph.Kilback99@yahoo.com,6/2/1982 5:18:42 PM
164,Edwardo,Wisoky,(403) 635-4820,Winston29@gmail.com,6/25/2022 1:49:39 PM
165,Cesar,Green,993-647-4412 x76257,Ira.Bayer19@gmail.com,1/13/2004 10:04:35 PM
166,Randy,Schultz,974.942.4849 x957,Sherri.Rosenbaum@gmail.com,10/9/1980 10:04:51 PM
167,Kamryn,Marks,1-480-881-6882 x58834,Kristina70@yahoo.com,10/12/1994 12:50:31 PM
168,Emmitt,Hamill,1-855-996-9501 x5983,Joanna87@gmail.com,10/23/2021 7:48:02 PM
169,Rahsaan,Lesch,321.275.0765 x0769,Hugo_Connelly@gmail.com,10/31/1986 12:17:29 AM
170,Antonietta,Prosacco,1-823-528-8841,Timothy_Kessler42@gmail.com,3/16/2002 5:52:15 AM
171,Lewis,Nader,434.594.4438 x019,Betsy.Erdman17@yahoo.com,10/10/2022 4:36:24 AM
172,Isac,Yundt,1-771-225-9179 x8295,Stacey.Sawayn@yahoo.com,10/24/2020 6:41:42 AM
173,Bradford,Wiza,269.671.0845,Freda_Grimes@hotmail.com,1/16/1983 2:10:55 PM
174,Khalid,Hoeger,1-314-447-3167 x1025,Cynthia.Balistreri@gmail.com,7/13/1985 11:36:27 PM
175,Abdul,O'Keefe,673.518.4949 x472,Jane.Hand10@yahoo.com,11/9/1984 2:39:46 PM
176,Rosella,McClure,1-613-700-0564 x20171,Nora.Brown80@gmail.com,4/4/1980 10:48:24 PM
177,Maribel,Lowe,467.780.7939 x6427,Josh_Douglas@yahoo.com,9/16/1998 11:26:15 PM
178,Ally,Abbott,516-258-2189 x31119,Ricky.Reichel16@gmail.com,9/13/2007 10:15:55 PM
179,Jamie,Conn,(660) 963-9451 x65086,Dianne40@yahoo.com,8/14/1996 7:43:28 AM
180,Trystan,Stark,506.804.2890,Meredith67@hotmail.com,8/13/1986 12:50:56 AM
181,Irving,Heathcote,361-618-4166 x7385,Hubert27@yahoo.com,5/19/2013 8:00:35 AM
182,Eriberto,Luettgen,902-817-0001 x2627,Gene_Lehner60@gmail.com,3/19/2008 1:11:47 AM
183,Simone,Schamberger,1-245-691-3587,Jesus27@gmail.com,11/10/1996 7:55:01 AM
184,Noe,Abbott,248.614.6633 x90228,Lee.Douglas@yahoo.com,8/8/2003 1:02:55 PM
185,Hubert,Nader,(718) 875-8507 x3110,Viola.Rogahn38@yahoo.com,10/10/1996 1:37:57 AM
186,Julien,Jast,835-586-5284 x950,Andrea.Rohan41@gmail.com,8/11/2001 4:01:03 AM
187,Esteban,Block,653.810.4781,Wilson.Lowe86@yahoo.com,8/31/2018 1:47:53 AM
188,Roy,Brekke,1-951-745-7365,Stephanie_Kautzer@yahoo.com,5/29/1998 8:31:59 PM
189,Thomas,Murphy,469-612-3142,Sheila_Reichert22@gmail.com,10/26/1996 7:35:10 AM
190,Octavia,Wolff,(519) 200-1980,Nicholas92@yahoo.com,6/9/1981 3:50:19 PM
191,Travis,Kihn,(934) 519-0861 x61051,Seth96@gmail.com,10/21/1991 5:20:32 PM
192,Jeanette,Walker,770.887.8196 x350,Alexandra_Thompson@hotmail.com,4/29/2020 9:34:54 PM
193,Skyla,Prosacco,1-768-433-4600 x2545,Cora_Ankunding12@gmail.com,9/10/2006 9:04:25 PM
194,Myah,Rice,201.459.8100 x944,Jackie_Funk56@hotmail.com,8/26/1992 7:32:21 PM
195,Tyson,Kirlin,1-560-208-2780 x43957,Tabitha_Klocko98@gmail.com,9/14/2005 6:45:12 PM
196,Jaron,Graham,528.998.4487,Dominick_Schiller53@hotmail.com,4/9/2000 11:46:00 AM
197,Antoinette,Feil,210.857.3865 x3664,Freda37@hotmail.com,6/14/1981 9:18:11 PM
198,Robb,Abbott,1-755-538-7869 x85857,Clay_Moore31@hotmail.com,1/1/2006 11:33:02 PM
199,Roberta,Johnson,567-914-2538 x82671,Jimmy.Blanda@yahoo.com,1/25/1999 5:08:05 AM
200,Tommie,Lynch,1-207-509-4215 x5284,Dominic45@gmail.com,12/14/1990 10:45:45 AM
201,Coleman,Larson,895.498.5759,May.Lemke57@hotmail.com,3/31/2007 11:48:14 PM
202,Joaquin,Gorczany,(613) 242-8608 x218,Aaron_Toy17@yahoo.com,11/22/2004 11:13:15 AM
203,Niko,Prosacco,525.606.9475 x65261,Rosalie89@hotmail.com,4/27/2010 9:14:37 AM
204,Litzy,Botsford,1-951-523-6310 x01420,Edmund_Jones@gmail.com,8/1/2022 9:38:03 AM
205,Floy,Schimmel,745.553.7273 x41910,Carroll_Bednar71@yahoo.com,4/24/2007 12:49:02 AM
206,Odell,Abernathy,1-249-800-4293 x979,Jasmine.Christiansen@gmail.com,5/21/2017 10:16:59 PM
207,Elmira,Weissnat,788-200-8747,Adam.Walker12@yahoo.com,11/30/2021 7:19:16 PM
208,Pietro,Boyer,934.490.5749,Cornelius_Boyle@yahoo.com,9/20/2000 12:10:27 AM
209,Stevie,Huel,(818) 398-9122 x3532,Christian_Prohaska82@hotmail.com,11/17/1999 7:37:47 AM
210,Kolby,Sporer,523.703.2276 x6168,Herman82@hotmail.com,1/16/2004 11:07:10 PM
211,Constance,Fay,822.845.2600,Rodolfo.Jakubowski@yahoo.com,7/27/1993 4:27:47 AM
212,Don,Labadie,1-538-371-8170 x05816,Arlene_Boyer@hotmail.com,11/8/1990 3:12:49 PM
213,Janae,Hermann,(976) 544-5639,Jeanette46@hotmail.com,8/7/1998 12:13:50 PM
214,Coty,Greenfelder,303.776.3016,Clinton_Renner31@gmail.com,12/5/2015 12:34:00 AM
215,Trey,Rippin,(787) 735-0314,Hugo_Volkman7@gmail.com,5/22/1995 2:40:07 AM
216,Reece,Willms,(727) 616-1766,Geraldine.Vandervort36@gmail.com,1/24/1981 7:04:35 PM
217,Abagail,Buckridge,(555) 334-3768,Marcus94@gmail.com,4/22/2000 9:53:46 AM
218,Joshuah,Morar,1-435-332-2120 x436,Matt.Streich@yahoo.com,1/18/1988 2:57:32 AM
219,Francisca,Senger,1-444-234-3502 x7109,Olga51@gmail.com,4/8/1990 2:24:29 PM
220,Johnson,Hilll,578.312.2433 x66104,Rudolph_Kozey@gmail.com,10/14/1985 8:19:37 AM
221,Cameron,Strosin,518.723.7807 x13461,Shawn_Bins93@yahoo.com,11/11/2004 3:49:13 PM
222,Khalid,Nolan,497-888-8424 x863,Johnny7@hotmail.com,8/24/2012 8:21:55 AM
223,Wayne,Crooks,(690) 317-6295,Terrell_Barton@yahoo.com,7/15/2022 11:40:04 PM
224,Edwina,Reilly,774-874-0902 x875,Courtney.Russel@gmail.com,4/3/2017 11:57:19 AM
225,Grace,Williamson,234-920-8647 x2319,Guy_Thompson41@hotmail.com,1/17/2000 10:28:25 AM
226,Brycen,Willms,(373) 497-1065 x98875,Frankie74@gmail.com,12/3/2020 6:32:14 AM
227,Elmore,Lemke,454-895-9943 x9002,Pedro56@gmail.com,7/10/1988 3:19:12 PM
228,Elsa,Hilll,(510) 315-4672 x131,Gina.Gorczany49@yahoo.com,1/30/1983 2:38:15 AM
229,Elnora,Gleason,1-905-393-5803 x608,Sam.Lesch94@hotmail.com,7/11/1991 8:31:20 PM
230,Crystal,Bashirian,(914) 686-4267 x595,Andre2@gmail.com,10/30/1995 10:49:37 AM
231,Mariam,Sipes,700.683.4501 x7282,Isabel8@yahoo.com,3/19/2000 6:53:12 AM
232,Ervin,Kub,239-218-2855,May.DAmore63@gmail.com,2/26/2011 1:46:44 PM
233,Jenifer,Schuppe,(585) 955-8454 x6159,Tina_Nienow@hotmail.com,11/28/1986 4:39:10 AM
234,Eduardo,Quigley,853-671-4696 x1750,Kristen.Schamberger23@yahoo.com,5/24/1993 10:19:21 AM
235,Fanny,Hodkiewicz,1-372-303-6747 x816,Rene_Vandervort8@yahoo.com,7/13/2010 10:51:26 AM
236,Reed,Rippin,755-272-0222 x839,Angela2@yahoo.com,7/8/2004 1:56:18 AM
237,Erick,Beier,823-883-7543 x217,Silvia.Sawayn44@hotmail.com,8/2/1984 12:58:45 AM
238,Kirk,Murazik,1-344-916-2829,Kim.Huels1@gmail.com,9/30/1987 12:49:50 AM
239,Grady,Hamill,(297) 542-4012 x893,Ernestine_Robel@gmail.com,4/5/2016 3:24:10 AM
240,Rosa,Cartwright,1-536-806-3649,Samuel.Gleichner@gmail.com,8/28/2016 8:53:33 AM
241,Adan,Prohaska,658-449-6045,Doyle.Johnston@gmail.com,10/13/1980 4:15:59 PM
242,Johnpaul,Dickinson,229.255.0664,Cathy.Reynolds71@gmail.com,9/21/2001 3:58:14 PM
243,Laurie,Effertz,453-845-9255,Angelo6@gmail.com,6/24/2000 12:57:59 PM
244,Roxane,Crist,(490) 402-6509,Lula14@hotmail.com,1/7/2018 3:56:45 AM
245,Mary,Morar,981.957.2295 x1089,Phillip10@hotmail.com,4/27/1999 9:02:53 AM
246,Chadrick,Gislason,(363) 558-6901,Rochelle93@gmail.com,2/21/1990 6:31:16 PM
247,Millie,Abernathy,945-502-7022 x86968,Garry87@hotmail.com,10/2/2014 1:37:30 AM
248,Verda,Pfannerstill,1-467-853-3151,Genevieve.Reichel@hotmail.com,5/23/2001 6:27:55 PM
249,Ayla,Hintz,(678) 246-3970,Lawrence.Block50@yahoo.com,4/5/1990 4:22:14 PM
250,Imogene,Parker,1-657-863-9189 x542,Elvira98@hotmail.com,7/8/1984 5:34:12 AM
251,Thomas,Boyer,258-408-6421,Jenna_Nikolaus69@hotmail.com,9/3/2009 7:13:55 AM
252,Misty,Hartmann,1-684-874-9995 x8057,Janie_Fadel21@yahoo.com,10/20/1999 10:46:03 PM
253,Abigayle,Ratke,(805) 440-5001,Dustin.Rowe97@yahoo.com,8/19/1990 11:30:33 PM
254,Cameron,Larkin,797.636.6648,Gilbert_Tremblay94@yahoo.com,10/10/2021 8:30:43 PM
255,Euna,Weissnat,1-816-805-0110 x94288,Shannon_Hayes23@hotmail.com,2/14/1991 12:27:54 AM
256,Mitchel,Schuppe,604-268-1783 x6069,Emanuel34@yahoo.com,5/19/2005 10:59:37 PM
257,Abigayle,Casper,908.753.9187,Carrie.Konopelski@gmail.com,11/22/1994 7:51:23 AM
258,Eldon,Bechtelar,(462) 681-7965,Barbara93@hotmail.com,2/1/1983 1:09:55 PM
259,Alexane,Block,236-968-9592 x50557,Marco_Cronin@hotmail.com,12/6/2001 11:10:39 AM
260,Crystal,Kerluke,303-353-5106,Dawn.Shields@gmail.com,3/5/1985 10:27:11 PM
261,Jevon,Kunze,238-662-7990 x78891,Delbert.Padberg@hotmail.com,4/3/2022 10:28:36 AM
262,Virgie,Moore,1-441-487-6560,Jody.Pollich35@yahoo.com,10/30/1991 12:46:40 AM
263,Hallie,Funk,1-915-626-4362,Betsy.Rogahn@gmail.com,3/18/2001 3:10:44 PM
264,Bria,DuBuque,1-307-577-6075 x3167,Gerardo.Goyette77@hotmail.com,7/27/2020 12:58:02 AM
265,Lexi,Farrell,538-882-6161 x962,Marsha_Parker7@yahoo.com,6/13/2013 3:37:19 PM
266,Kameron,Lehner,858.941.4126,Teresa48@yahoo.com,11/20/2015 3:32:15 PM
267,Gabe,Kiehn,(745) 542-8971 x8993,Alberta.Adams51@yahoo.com,2/22/2017 7:01:44 AM
268,Tiana,Kutch,689-952-0091 x6122,Kathy.Thiel55@hotmail.com,9/2/2011 9:21:48 AM
269,Jairo,Price,(644) 727-9931 x35128,Della_Welch43@yahoo.com,1/9/1983 5:38:26 AM
270,Torey,Kuphal,(773) 309-2342,Enrique_Cummings77@gmail.com,12/25/1999 5:51:26 AM
271,Brenna,Marquardt,684-370-7274 x202,Darrel.Braun26@hotmail.com,5/30/2017 10:38:04 AM
272,Reta,Koepp,(276) 239-4662 x35135,Jan14@gmail.com,3/17/2005 10:24:23 PM
273,Corene,Schmitt,407.872.5702,Linda_Herman31@yahoo.com,5/28/1998 10:54:56 PM
274,Carey,Glover,(308) 919-2596,Lydia76@gmail.com,4/5/2016 6:51:34 PM
275,Treva,Spencer,637-719-9072 x6187,Alfonso78@yahoo.com,7/4/1984 12:43:05 AM
276,Brendon,Mraz,541.303.3533,Janet56@gmail.com,7/26/2016 2:54:24 PM
277,Madilyn,Paucek,(615) 473-1889 x560,Delores.Dare@yahoo.com,8/28/1998 9:50:26 AM
278,Connie,Rath,1-795-804-9545,Tasha32@yahoo.com,8/9/1990 1:55:27 PM
279,Derrick,Ratke,267.733.7036,Valerie_Conn90@gmail.com,6/23/2021 6:06:56 AM
280,Wallace,Wilkinson,333.507.5059,Wanda.Bailey26@gmail.com,1/27/2000 5:12:26 PM
281,Josephine,Buckridge,563.672.8501 x184,Myron_Hoppe98@gmail.com,11/3/1994 8:43:19 PM
282,Tristian,Robel,1-632-253-8085,Sherri_Schultz51@yahoo.com,2/27/1993 11:38:05 PM
283,Sandrine,Haley,899.719.1470,Susie.Hoppe@gmail.com,5/21/2022 11:47:13 PM
284,Malika,Cummerata,928.354.3056,Elmer.Bartoletti69@yahoo.com,9/21/2010 4:23:34 PM
285,Reva,Beer,883.549.4835 x1239,Wm.Wilderman89@hotmail.com,6/12/2019 4:46:24 PM
286,Brooks,Berge,316-420-4735 x9770,Pat.Nienow@gmail.com,6/3/1995 1:18:08 AM
287,Carlos,Batz,(717) 625-8114,Allen.Douglas@gmail.com,3/27/1984 6:47:09 PM
288,Hattie,Hyatt,1-896-338-7589,Cameron71@hotmail.com,12/2/1994 5:30:24 PM
289,Dannie,Gorczany,(486) 553-3740 x32222,Gwen_OHara43@gmail.com,2/26/1980 10:10:51 PM
290,Luther,Botsford,(918) 731-8555,Kristin_Towne66@gmail.com,7/24/1985 3:37:42 PM
291,Noble,Hermann,425-931-2792,Meghan.Hermann8@gmail.com,10/21/2016 4:49:14 AM
292,Marge,Donnelly,1-946-351-6638,Dawn.Kuhlman29@gmail.com,4/17/2013 2:32:17 AM
293,Riley,Corwin,1-289-592-5523,Gary_Abbott@yahoo.com,11/24/2012 11:52:37 PM
294,Deborah,McClure,531.986.3160 x204,Mabel_Hudson@yahoo.com,6/10/2007 7:38:12 PM
295,Lucy,Hahn,853.747.5863 x7814,Carroll15@yahoo.com,8/29/1991 1:13:26 PM
296,Jovany,Gaylord,589-824-3819 x078,Juana.Padberg40@hotmail.com,7/26/1993 8:50:04 PM
297,Stan,Corwin,478-489-4009,Andrea23@hotmail.com,2/25/2005 10:03:47 PM
298,Kelly,Ratke,621-522-7453 x9092,Marc_Nolan@yahoo.com,2/5/2017 8:35:23 AM
299,Emilio,Herman,1-977-434-3184 x959,Rose1@hotmail.com,8/19/1990 4:11:48 PM
300,Sarah,Gorczany,1-343-636-7226 x5812,Joanna49@gmail.com,12/13/2004 3:25:10 PM
301,Lilly,Koch,1-709-872-0743 x41306,Tina_Parisian@yahoo.com,7/28/1986 10:04:52 AM
302,Glenda,Muller,460-663-8809,Dan.Pagac68@gmail.com,2/19/2022 8:04:32 PM
303,Jonathon,Weber,446-666-8542,Beverly86@yahoo.com,5/5/1989 10:59:02 AM
304,Joanie,Mertz,911.836.2334,Carroll.Wisozk@yahoo.com,10/13/2016 5:09:05 PM
305,Izabella,Sporer,821.419.6548 x92971,Nathan38@hotmail.com,3/29/2012 6:12:43 PM
306,Osborne,Mayert,(357) 568-9100 x00057,Jean.Corkery89@hotmail.com,9/25/2011 9:25:21 PM
307,Lucy,Gleason,(808) 495-9171,Gustavo.Bahringer@gmail.com,3/31/2011 3:20:18 PM
308,Bettie,Macejkovic,698.965.8212,Veronica_Schneider48@gmail.com,12/12/2003 3:30:11 PM
309,Willa,Kemmer,971.235.1005,Norman8@yahoo.com,11/13/2008 9:57:41 PM
310,Amiya,Rau,308-561-7135,Jerald_Beahan@gmail.com,3/31/2010 10:46:49 PM
311,Rick,Dickens,366.468.2530 x1601,May_Fay@gmail.com,3/24/2020 12:43:48 AM
312,Afton,Strosin,(401) 952-8669 x812,Marsha19@hotmail.com,7/7/1986 5:52:09 PM
313,Jerrod,Lemke,787-858-5782 x66100,Erika16@gmail.com,3/5/1994 1:37:33 PM
314,Athena,Wyman,(267) 942-0639 x5949,Kathryn77@gmail.com,7/13/2017 6:23:45 AM
315,Linwood,Marquardt,(381) 865-9773 x84664,Saul75@hotmail.com,11/6/2006 5:24:09 AM
316,Colt,Zieme,(526) 941-5170,Julia.Schaden71@yahoo.com,3/26/2005 2:55:42 AM
317,Ken,Jaskolski,712-633-6760 x9909,Emanuel38@yahoo.com,11/28/2001 11:38:07 AM
318,Cristal,Smitham,324.317.6216 x654,Jake_Green@yahoo.com,3/11/2006 7:40:52 PM
319,Pedro,Stark,356.575.5507,Frankie.Marquardt27@yahoo.com,2/11/2013 9:37:16 PM
320,Orpha,Effertz,(982) 554-8946,Holly_Kutch@hotmail.com,1/8/1988 11:13:26 AM
321,Gwendolyn,Friesen,1-443-398-2962,Tammy18@gmail.com,9/29/1998 2:26:17 AM
322,Norwood,Lind,890-754-4108 x9127,Guillermo49@gmail.com,4/15/1995 5:45:40 PM
323,Ana,Koelpin,385-366-8617,Gilbert_Wintheiser2@yahoo.com,7/16/2015 5:26:54 PM
324,Quincy,Kihn,(368) 665-0018,Lester.Feest87@yahoo.com,11/26/1993 6:31:50 AM
325,Jean,Howe,731.908.5047 x7548,Jeannette_Dach91@yahoo.com,6/16/2005 5:32:06 PM
326,Ray,Denesik,543.207.3599,Louis_McLaughlin@hotmail.com,1/28/1983 1:29:40 PM
327,Brittany,Renner,1-839-329-6973,Rick37@yahoo.com,11/11/2018 1:46:08 AM
328,Serenity,Frami,1-946-686-5645 x4577,Perry_Keeling30@yahoo.com,1/1/1986 1:17:18 AM
329,Hobart,Grimes,703.686.7084,Mildred47@gmail.com,1/17/1983 1:08:31 PM
330,Clifton,Sawayn,1-843-750-7541,Ruben.DuBuque12@gmail.com,5/21/2007 4:14:27 AM
331,Eloisa,Kertzmann,439-976-2603 x2032,Phyllis_Pfeffer44@yahoo.com,1/1/1986 7:42:28 AM
332,Earnestine,Altenwerth,1-643-403-5247,Tom_Dooley@yahoo.com,5/8/2008 5:19:09 AM
333,Annette,Spencer,1-689-898-0504,Angelica.Walsh25@yahoo.com,6/26/1986 9:19:04 AM
334,Tyler,Deckow,580-787-8884 x6724,Calvin0@hotmail.com,9/28/2007 1:39:27 AM
335,Tiara,Daugherty,1-848-774-7921 x2628,Gilbert.Kozey83@hotmail.com,10/7/2010 8:03:05 PM
336,Ora,Kuphal,793-560-4757 x84605,Robin53@hotmail.com,6/15/2018 12:37:15 AM
337,Audrey,Dare,426.926.3669,Kate61@gmail.com,12/25/1996 6:15:01 PM
338,Katlyn,Williamson,534.332.3825 x6039,Gerardo_Stark@gmail.com,6/23/1986 6:59:45 AM
339,Lucious,Heaney,1-826-483-3248 x9299,Inez27@yahoo.com,6/24/1984 11:26:21 AM
340,Janiya,Fadel,(251) 632-1066 x5793,Rosalie97@gmail.com,1/18/1984 4:45:39 PM
341,Rashad,Willms,852.368.7291 x524,Melba.Gusikowski@yahoo.com,10/7/2000 1:54:57 AM
342,Jalyn,Macejkovic,500.771.1170,Cindy61@hotmail.com,12/13/2011 4:28:32 PM
343,Johnathan,Thiel,1-995-552-0085,Alex.Muller64@hotmail.com,3/5/2008 10:00:07 PM
344,Beulah,Purdy,(651) 354-5558,Sammy_Casper4@yahoo.com,4/30/2022 4:25:04 AM
345,Miles,Funk,1-469-947-8496 x35239,Alfonso_Gutmann45@hotmail.com,2/10/1997 1:40:44 AM
346,Nathaniel,Turcotte,878.584.7421 x431,Kari51@yahoo.com,7/13/2008 12:47:37 PM
347,Gust,Predovic,(466) 548-3042,Evelyn_Welch5@hotmail.com,7/22/1990 6:12:33 AM
348,Anibal,O'Connell,831.543.8202 x93819,Olive74@gmail.com,4/17/2004 6:17:06 PM
349,Macie,Hayes,(474) 879-1023,Dianna.Braun@hotmail.com,12/20/2004 10:43:14 AM
350,Dulce,Zemlak,(517) 472-5895 x6034,Traci_Torphy2@yahoo.com,2/21/2004 4:15:21 AM
351,Devyn,Erdman,(333) 285-5862,Blanche_Beer@hotmail.com,2/5/2007 7:15:24 AM
352,Tia,Haag,1-672-499-9535,Gwen.McClure88@yahoo.com,12/31/1981 9:03:08 PM
353,Vincent,Trantow,1-714-294-3445,Charlie_Bergstrom@hotmail.com,1/15/1985 2:20:58 AM
354,Hallie,Smitham,415.630.7690 x0158,Antonio.Kemmer@yahoo.com,5/27/2021 2:45:45 PM
355,Myah,DuBuque,1-759-356-3880,Bryant57@gmail.com,12/1/1998 4:17:12 AM
356,Kaylee,Funk,1-698-830-9145 x259,Esther.Wiza20@yahoo.com,1/14/2019 11:18:24 AM
357,Laverne,D'Amore,(606) 735-3537 x4630,Brittany56@gmail.com,8/8/1992 7:56:53 AM
358,Marques,Nolan,(353) 967-1316,Kathryn_Tillman@hotmail.com,8/24/2017 7:52:04 AM
359,Adolph,Parisian,729.742.6078 x564,Bessie.Hackett@hotmail.com,2/24/1993 8:03:09 PM
360,Amelie,Upton,964-860-3220,Lindsey.Kozey43@gmail.com,6/3/2005 1:02:19 AM
361,Vallie,Bailey,(325) 462-1542 x525,Albert55@gmail.com,5/3/1980 3:01:51 PM
362,Jedidiah,Kemmer,972.602.8126,Allison_Gerhold85@yahoo.com,1/24/2018 12:18:13 PM
363,Conrad,Brakus,1-277-227-8815,Christy34@gmail.com,12/24/1995 9:06:31 PM
364,Federico,Mertz,1-914-929-8494,Gina.Bauch4@yahoo.com,3/17/2013 3:55:19 PM
365,Carlo,Mante,821.589.2883,Barbara.Lueilwitz@yahoo.com,11/8/1995 12:13:53 PM
366,Antonio,Huel,1-834-318-7056,Willard_Gleason70@yahoo.com,12/29/2004 10:43:02 AM
367,Jedediah,Thiel,522-623-2212,Sonia.Gusikowski70@gmail.com,11/7/1994 4:37:00 AM
368,Selina,Brekke,272-844-8421,Jesus12@hotmail.com,9/8/1994 8:14:48 PM
369,Melyna,Kilback,1-934-932-7519 x967,Fredrick_Sauer48@yahoo.com,8/14/2003 3:13:03 AM
370,Maria,Lebsack,(880) 367-9149,Casey6@yahoo.com,8/15/2009 10:04:01 PM
371,Deron,O'Hara,(600) 257-2983 x31849,Raul.Douglas10@gmail.com,3/23/2001 8:07:33 AM
372,Norma,Wisoky,(510) 526-3374 x0394,Renee.Hammes@yahoo.com,8/24/2005 8:39:08 PM
373,Kenny,Bauch,960.428.0022 x003,Benjamin_Flatley98@gmail.com,11/20/2012 12:03:39 AM
374,Dino,Block,1-433-425-8776,Clark_Gerlach@gmail.com,5/6/1994 3:19:20 AM
375,Corine,Jerde,725.270.6410 x77640,Raquel.Sipes@gmail.com,2/24/2005 7:25:19 PM
376,Reggie,Herman,(847) 888-9262 x952,Amber.Thiel@gmail.com,6/15/1994 7:44:35 PM
377,Clementine,McCullough,330-383-3730,Cheryl_Murray35@hotmail.com,9/4/1997 3:23:58 PM
378,Paula,DuBuque,533-674-4231,Vincent.Pagac64@gmail.com,12/26/1991 8:03:16 PM
379,Eryn,Mueller,327-547-6916,Christine.Reynolds@gmail.com,4/9/1996 8:05:58 AM
380,Viviane,Kulas,1-954-501-8885,Willis.Haag@hotmail.com,1/13/2012 2:22:11 PM
381,Geovany,Welch,(292) 249-1695,Enrique89@gmail.com,3/31/1990 10:10:42 PM
382,Deion,Sipes,(464) 201-3154 x03211,Matthew52@yahoo.com,1/28/2022 3:06:47 PM
383,Eugenia,McKenzie,345.809.7516,Wilfred_Bode31@gmail.com,1/15/2008 9:57:56 AM
384,Wyatt,Hahn,243.738.7755 x55881,Theodore_Rempel@hotmail.com,3/23/2004 9:11:10 AM
385,Joey,Roob,466.906.8869,Roosevelt_Paucek51@gmail.com,3/1/1986 9:03:07 PM
386,Shayne,Lind,357.244.2083 x61106,Lana.Bruen@yahoo.com,10/4/1998 1:37:49 AM
387,Herbert,Ondricka,297-713-6492 x867,Geneva.Grady@gmail.com,5/10/1987 11:21:47 AM
388,Aliya,Bartoletti,410.554.6840,Lonnie_Toy@hotmail.com,8/2/2008 8:46:22 AM
389,Aylin,Hessel,750.651.3336 x52702,Jerome_Parker1@yahoo.com,7/5/2003 8:59:57 PM
390,Domingo,D'Amore,712-525-4805 x045,Juanita.Larkin@hotmail.com,8/29/1996 1:52:45 PM
391,Destini,Streich,1-259-593-0501 x78222,Christy.Lindgren24@hotmail.com,4/23/1987 9:25:24 PM
392,Alda,Thiel,284-484-7265,Kent.Langosh@gmail.com,9/15/2004 2:52:15 AM
393,Ethel,Hane,394.666.7200,Ebony_Cartwright@gmail.com,3/8/1981 2:51:24 PM
394,Will,McGlynn,(200) 353-3560 x104,Roderick.Gleason@yahoo.com,1/9/1990 10:56:42 AM
395,Damian,O'Keefe,478.320.4792 x216,Noel92@yahoo.com,6/12/1988 1:43:09 AM
396,Kenny,Daniel,655-343-1904 x87165,Kathryn58@yahoo.com,12/13/2016 10:38:03 AM
397,Lilly,Wilkinson,637.883.3191,Phyllis50@hotmail.com,6/14/1986 2:27:39 PM
398,Rowland,Bradtke,1-486-512-1839 x4481,Bert.Thompson@yahoo.com,10/5/1999 2:07:58 PM
399,Luciano,Grady,964.239.8613 x5705,Seth.Rippin4@hotmail.com,5/29/2022 5:43:49 AM
400,Geovanny,Lehner,1-524-258-0267,Archie.Lebsack@hotmail.com,10/11/1987 5:34:46 PM
401,Elizabeth,Rempel,548-568-1985,Manuel59@yahoo.com,6/23/1981 8:18:47 PM
402,Americo,Schiller,1-260-288-5581 x503,Josephine_Johns@gmail.com,9/4/2008 5:34:22 AM
403,Fredrick,Smitham,1-684-333-3081,Aubrey_Predovic33@yahoo.com,2/17/1989 12:42:37 PM
404,Crystal,Goyette,956.538.1321,Charlotte81@hotmail.com,3/15/2018 6:52:49 AM
405,Kaylie,Strosin,1-882-871-5360,Lora7@gmail.com,6/30/2002 1:32:41 AM
406,Brandt,Jacobi,(999) 253-6074 x00304,Pablo87@yahoo.com,1/20/2011 8:52:44 AM
407,Jordon,Kassulke,509-236-6777,Cindy_Pouros70@yahoo.com,10/9/1994 2:59:18 PM
408,Frederick,Hahn,582.585.6751,Linda_Renner@gmail.com,11/11/1988 9:30:06 PM
409,Casper,Zulauf,452.509.1567 x07100,Jon.Bode@gmail.com,8/20/1995 11:26:53 PM
410,Else,Maggio,1-332-347-2927 x5664,Floyd.Emmerich@gmail.com,3/28/1990 8:44:30 PM
411,Edd,Ortiz,530-382-9159 x072,Ruth.Turner@yahoo.com,9/30/2022 3:21:46 PM
412,Ivory,White,274-211-1490,Regina_Tremblay@yahoo.com,11/15/1993 12:37:35 PM
413,Tyler,MacGyver,564-766-5665,Ann_Ferry67@hotmail.com,2/20/2019 1:28:04 AM
414,Armando,Wiegand,903-443-0802 x405,Marcus.Hessel88@hotmail.com,1/14/1994 9:24:19 AM
415,Benton,Ryan,(777) 978-5679 x385,Krystal_Corkery@yahoo.com,5/15/2005 4:10:15 PM
416,Quincy,Davis,805.287.7829 x092,Laura31@hotmail.com,1/18/2022 6:18:16 PM
417,Rosa,Adams,(618) 917-0054 x81244,Phillip4@gmail.com,6/12/2000 10:55:31 PM
418,Melvin,Rath,837.441.9323,Katherine.King14@hotmail.com,1/31/2019 11:52:41 AM
419,Jaydon,D'Amore,525.595.9869 x16994,Bobbie_Windler@gmail.com,6/12/2008 10:46:18 AM
420,Princess,Greenfelder,(642) 382-1543 x19121,Isabel60@hotmail.com,12/10/1995 11:47:40 PM
421,Jameson,Maggio,(719) 322-3469 x432,Ernestine.Emard@gmail.com,9/26/2013 3:55:31 AM
422,Birdie,Spinka,209.304.5486,Sam_Grant18@gmail.com,5/15/2016 11:50:50 PM
423,Murl,Wilkinson,373-683-2677,Donnie.Herman72@yahoo.com,3/5/2007 9:45:49 PM
424,Cordie,Little,373.476.9751 x13136,Virgil48@gmail.com,3/12/1998 7:42:33 AM
425,Amira,Hudson,1-828-982-6958,Stephen76@gmail.com,3/11/2012 12:33:38 AM
426,Aida,Brakus,222-454-7059 x65228,Sally73@hotmail.com,9/16/1994 11:03:04 AM
427,Hattie,Abbott,(352) 426-1037 x766,Alison_Marvin@gmail.com,5/11/1980 4:04:23 PM
428,Izabella,Wolf,1-497-254-5801,Doug_Stanton@gmail.com,9/2/2000 11:35:27 PM
429,Tito,Parisian,214-844-4852 x40658,Dawn63@hotmail.com,1/20/2012 8:40:35 PM
430,Murray,Harvey,(647) 499-6729 x44523,Ginger_Ernser56@gmail.com,4/1/1983 8:18:31 AM
431,Rosamond,Bergnaum,810.805.6929,Terrence_Cassin25@gmail.com,11/6/2021 8:33:47 PM
432,Jonatan,Boyle,922-238-5447 x7171,Maggie.Tromp80@gmail.com,11/14/2010 6:40:14 PM
433,Robbie,Jacobi,1-256-554-9730 x035,Elizabeth17@hotmail.com,11/13/2013 8:09:56 PM
434,Ellen,Daniel,609.277.7354,Sylvester_Jacobson@gmail.com,11/4/2006 7:54:58 AM
435,Major,Gleichner,1-869-286-4420,Ronnie77@hotmail.com,10/15/1998 8:54:27 AM
436,Clarissa,Gutmann,(868) 839-5030,Ralph.Howell@hotmail.com,11/21/2022 9:28:29 AM
437,Kale,Langworth,415.820.6203,Vickie14@hotmail.com,9/10/1990 2:39:29 AM
438,Dayton,Lowe,1-319-478-2262,Theodore.Flatley48@gmail.com,9/6/2013 9:28:00 PM
439,Garth,Parisian,(569) 870-3353,Bryant66@gmail.com,3/3/1988 12:16:04 AM
440,Euna,Boehm,(724) 370-6216,Brian.Torp@yahoo.com,3/16/2013 4:08:33 AM
441,Lenore,Ondricka,769-655-0608 x1042,Nathaniel36@yahoo.com,4/3/2019 11:38:25 PM
442,Moshe,Bechtelar,1-820-622-0708 x38976,Rodolfo.Bartoletti@hotmail.com,7/19/1989 3:42:32 PM
443,Amalia,Abshire,(954) 264-4738 x078,Emma_Kovacek@gmail.com,11/23/1987 11:42:55 AM
444,Daron,Trantow,966.448.6805 x507,Marco89@yahoo.com,4/15/2014 6:58:44 AM
445,Sadie,Lubowitz,(651) 703-3124,Garrett73@hotmail.com,7/28/1992 6:54:01 PM
446,Bradly,Paucek,275.951.3007 x6779,Isabel17@gmail.com,2/4/2014 2:53:48 AM
447,Raheem,Cormier,(400) 877-3420,Alyssa_Pacocha@yahoo.com,5/26/2001 8:44:46 AM
448,Eduardo,Gutkowski,779-251-1357 x02064,Tracy75@gmail.com,5/4/1996 9:08:54 PM
449,Dolores,Klein,822.205.3005,Irene.Wiza@gmail.com,10/25/2003 7:43:42 PM
450,Berneice,Hoppe,(825) 929-6460 x948,Bill29@hotmail.com,3/11/2004 10:23:27 AM
451,Jacklyn,Feest,1-943-427-2636 x21397,Edward.Bauch57@hotmail.com,7/2/2001 5:48:29 AM
452,Lemuel,Stark,637-643-2089 x954,Melanie62@hotmail.com,10/3/2021 10:32:19 PM
453,Americo,Frami,548-801-8441 x52309,Whitney7@yahoo.com,12/6/1986 7:20:42 PM
454,Jeromy,Cronin,(590) 312-7158,Nadine34@yahoo.com,3/4/1981 1:56:15 AM
455,Juana,Halvorson,1-922-258-8273 x2824,Nellie_Auer31@yahoo.com,3/6/2012 10:58:09 PM
456,Dayne,Hammes,(729) 412-0065 x43615,Marcus.Sporer31@yahoo.com,3/9/2002 5:01:59 PM
457,Jarrell,Beatty,451-495-8561 x2268,Roman.Wisoky95@hotmail.com,10/11/2005 7:18:55 AM
458,Marques,Brakus,572-469-4213 x3766,Frederick.Gorczany16@gmail.com,11/14/1998 1:41:58 AM
459,Moses,Gleason,1-536-969-4154,Tiffany.Macejkovic@yahoo.com,1/23/1992 6:38:54 PM
460,Anthony,VonRueden,383-637-9348 x1220,Wanda_Kuphal79@gmail.com,11/7/2014 2:49:05 AM
461,Caesar,Krajcik,(216) 692-6155 x52558,Kate.Leffler@yahoo.com,5/10/1985 5:51:13 AM
462,Izaiah,Mueller,453-792-1646 x44321,Wallace88@yahoo.com,6/21/1986 10:07:42 AM
463,Kathryne,Hansen,1-879-205-4219,Leonard.Hills39@hotmail.com,12/28/1999 10:59:46 AM
464,Justine,Corwin,1-364-693-8089 x25387,Cody.Schiller@gmail.com,8/7/2008 8:07:45 AM
465,Stephen,Bayer,732.995.6016,Milton.Weber@gmail.com,7/4/2001 12:08:53 AM
466,Cristal,Flatley,1-394-402-7315 x892,Gerald.Fisher@hotmail.com,7/3/2008 7:42:18 PM
467,Furman,Howell,605-314-2577 x4043,Jerome.Lemke@yahoo.com,3/27/1986 10:11:42 AM
468,Lilly,Hegmann,(426) 597-8458 x0214,Mildred.Strosin15@hotmail.com,7/17/2016 6:28:33 AM
469,Nelda,Lang,(966) 467-5198 x4484,Leo42@yahoo.com,11/22/1995 11:09:05 AM
470,Ila,Williamson,1-600-299-8331,Anita9@hotmail.com,1/20/1986 3:25:39 PM
471,Bettie,McCullough,1-458-988-0601,Chris_Thompson@yahoo.com,11/5/1987 4:12:25 PM
472,Ofelia,Lakin,374.270.3660,Amos.Bergstrom7@gmail.com,8/2/1985 1:00:33 PM
473,Danielle,Bernhard,430-822-5967,Michele_Bogan@gmail.com,12/21/2007 2:55:11 PM
474,Lowell,Gottlieb,1-809-776-4473,Jesse.Hudson17@yahoo.com,1/21/2006 10:37:14 PM
475,Ivy,Wolff,(903) 987-6618 x08400,Kim.Jast45@hotmail.com,7/28/2006 1:43:41 PM
476,Glenda,Mayer,479.925.3880 x363,Otis_Bayer@yahoo.com,10/5/1999 5:05:49 AM
477,Kristy,Roberts,(606) 893-2000 x094,Mathew.Osinski90@gmail.com,5/21/2004 8:18:54 AM
478,Keara,VonRueden,759-785-5895 x233,Sylvia_Ebert@yahoo.com,1/19/2000 7:24:29 AM
479,Leola,Konopelski,1-613-672-8018,Della21@hotmail.com,1/13/2004 12:38:37 AM
480,Liliane,Baumbach,(675) 225-1071 x107,Grace.Spinka85@hotmail.com,1/4/1981 3:29:53 PM
481,Shemar,Shields,365-639-6203 x49580,Eddie.Wolf@hotmail.com,11/25/1996 9:00:33 PM
482,Jaleel,Schowalter,1-475-860-4946 x66740,Danielle96@yahoo.com,9/1/2001 12:57:43 PM
483,Lafayette,Berge,(371) 376-2259 x062,Guadalupe99@gmail.com,6/2/2002 11:32:16 PM
484,Freeman,Lakin,433-910-5894 x44310,Levi79@hotmail.com,8/19/2007 10:53:38 PM
485,Jaycee,Quigley,461-558-9236 x867,Donald.OKon@yahoo.com,9/21/1984 4:44:54 AM
486,Elwyn,Trantow,1-669-767-1985,Jimmie.Borer86@yahoo.com,10/30/2008 5:30:09 AM
487,Pat,Kovacek,1-837-732-9414 x4210,Wilma30@yahoo.com,5/13/1985 5:33:08 PM
488,Alda,Turcotte,597-378-9569,Jamie.Fritsch77@yahoo.com,12/25/1985 5:39:48 AM
489,Priscilla,Schuster,459-929-8271 x89171,Shannon.Hackett@yahoo.com,8/18/1983 4:28:43 AM
490,Emily,Strosin,(945) 963-7719,Christina.Mann10@hotmail.com,8/31/2002 8:44:13 AM
491,Noble,Schowalter,1-903-905-6408 x46998,Shannon_Conn@gmail.com,2/17/1985 10:26:05 PM
492,Palma,Weissnat,264.314.9862 x3740,Philip_Jakubowski5@gmail.com,11/27/2002 3:04:46 PM
493,Cordie,Monahan,(440) 973-1805 x88801,Vera_Rath62@yahoo.com,4/26/2015 8:15:38 AM
494,Jaiden,Robel,1-297-341-1307 x6809,Heidi_Emmerich67@gmail.com,3/9/2001 11:21:20 PM
495,Reinhold,Collins,1-563-621-9602,Lynne.Crist80@yahoo.com,12/28/1994 2:50:47 AM
496,Judson,Olson,1-457-227-8791,Ed27@hotmail.com,2/12/2014 8:23:46 PM
497,Kristina,Kirlin,859-556-4339 x16958,Faye.Anderson@hotmail.com,5/26/2003 5:08:58 PM
498,Cora,Becker,676.352.1558,Winifred.Hackett59@yahoo.com,5/15/2000 10:00:54 AM
499,Manley,Howe,(561) 535-6339,Antonio_Bayer@yahoo.com,7/23/2020 8:40:18 PM
500,Lorenza,Kemmer,969.217.9732 x5708,Jose.Wuckert@gmail.com,7/6/2015 4:11:37 AM
