Id,FirstName,LastName,Gender,BirthDate,SocialSecurityNumber,Email,Street,City,State,ZipCode
1,Elsie,Keebler,Female,8/1/1916,676313822,Elsie_Keebler@yahoo.com,7951 Wilkinson Haven,Jamilfurt,Maryland,70136-6726
2,Eula,Abbott,Female,12/15/2025,437758482,Eula.Abbott@gmail.com,45710 Ellen Light,East Dakotaville,Virginia,13795
3,Helen,Mann,Female,7/27/1993,213036777,Helen_Mann@hotmail.com,123 Caterina Oval,Turnerside,California,81798
4,Guillermo,Yundt,Male,9/5/2025,826692241,Guillermo.Yundt61@yahoo.com,24844 Schuster Mission,Helmerborough,Oklahoma,67590
5,Eloise,Howe,Female,9/7/1964,710071114,Eloise98@gmail.com,112 Terry Vista,East Glennafort,New Hampshire,03420-1419
6,Roberto,Pfannerstill,Male,10/17/1972,684979103,Roberto20@gmail.com,31877 Josiane Glen,Torphyfurt,Kansas,97580-7073
7,Russell,Frami,Male,3/23/1910,160060053,Russell_Frami20@yahoo.com,4113 Stroman Manor,Port Sonyafurt,Oregon,52448-9052
8,Harry,Kshlerin,Male,7/5/1900,262520359,Harry_Kshlerin@yahoo.com,50351 Hauck Run,West Brooke,Kentucky,12747-0788
9,Lucas,Boyle,Male,4/6/1917,857690993,Lucas_Boyle99@yahoo.com,822 Emmerich Fords,Bartonton,Georgia,53198
10,Ed,Heathcote,Male,8/21/1927,226211847,Ed29@yahoo.com,130 Peter Rapid,Weissnatfurt,Colorado,11980-1719
11,Thomas,Mosciski,Male,12/25/1913,746093336,Thomas.Mosciski30@hotmail.com,19232 Schmidt Haven,Nienowchester,New Hampshire,58185
12,Kent,Harvey,Male,3/18/1996,835380505,Kent.Harvey98@yahoo.com,9291 Darryl Ways,South Hope,Arkansas,63171
13,Jessica,Balistreri,Female,1/17/1976,959479358,Jessica56@gmail.com,607 Lane Crossroad,South Charleyville,New Jersey,34592
14,Lucas,Kirlin,Male,1/1/2023,463099084,Lucas41@yahoo.com,2004 Kohler Junction,South Darian,Arizona,25240-7127
15,Darla,Williamson,Female,5/21/1995,683430749,Darla.Williamson60@gmail.com,618 Patrick Crossroad,Howellberg,New Hampshire,85017-0313
16,Delia,Monahan,Female,10/8/1953,060928205,Delia_Monahan47@gmail.com,96981 Jesse Track,Gorczanystad,South Dakota,26536-2137
17,Clark,Spinka,Male,5/9/2009,118399660,Clark84@yahoo.com,317 Lupe Plaza,Port Justice,Minnesota,40023
18,Vickie,Rohan,Female,1/25/1957,013385286,Vickie.Rohan@gmail.com,69791 Bradly Dam,Adriannaborough,Hawaii,86091
19,Miriam,Moore,Female,3/17/1959,310167655,Miriam39@yahoo.com,1271 Crist Fort,Gustfurt,New Hampshire,38915
20,Misty,Abernathy,Female,2/16/1915,844622883,Misty_Abernathy@yahoo.com,51939 Nienow Crest,Kuphalton,Maryland,53123-5366
